ID,Source,Title,Address,Phone,Email,Website,Working Hours,Date,Price,Category
1,http://visit.kaunas.lt/en/to-see/interwar-architecture/kaunas-was-awarded-a-european-heritage-label/,,,,,,,,,INTERWAR ARCHITECTURE
2,http://visit.kaunas.lt/en/to-see/interwar-architecture/zaliakalnis-funicular/,žaliakalnis funicular,"Aušros g. 6, Kaunas",,,,,,,INTERWAR ARCHITECTURE
3,http://visit.kaunas.lt/en/to-see/hansa-kaunas/education-programs/perkunas-house-visiting-medieval-merchants-house/,Perkūnas House: Visiting medieval merchant’s house,"Aleksoto g. 6, Kaunas",+370 641 44 614,info@perkunonamas.lt,www.perkunonamas.lt,,,,EDUCATION PROGRAMS
4,http://visit.kaunas.lt/en/to-see/museums-and-galleries/museum/atomic-bunker/,Atomic bunker,"Raudondvario pl. 164A, Kaunas",+370 682 66666,info@atominisbunkeris.lt,www.atominisbunkeris.lt,Museum visited by arrangement,Museum visited by arrangement,,MUSEUM
5,http://visit.kaunas.lt/en/to-see/interwar-architecture/officers-palace/,Officers’ Palace,"A. Mickevičiaus g. 19, Kaunas",,,,,,,INTERWAR ARCHITECTURE
6,http://visit.kaunas.lt/en/to-see/museums-and-galleries/museum/kaunas-city-museum-folk-music-branch/,Kaunas city museum – Folk music branch ,"L. Zamenhofo g. 12/Kurpių g. 12, Kaunas",+370 37 422 295,,www.kaunomuziejus.lt,"II – V 10 AM – 6 PM, VI 10 AM – 5 PM","II – V 10 AM – 6 PM, VI 10 AM – 5 PM","Adults - 2,00 EUR, children, students, seniors - 1,20 EUR",MUSEUM
7,http://visit.kaunas.lt/en/to-see/interwar-architecture/vytautas-magnus-war-museum/,Vytautas Magnus War Museum,"K Donelaičio g. 64, Kaunas",,,,,,,INTERWAR ARCHITECTURE
8,http://visit.kaunas.lt/en/to-see/museums-and-galleries/museum/kaunas-city-museum-kaunas-town-hall/,Kaunas City museum - Kaunas Town hall ,"Rotušės a. 15, Kaunas",+370 37 208 220,muziejus@kaunomuziejus.lt,www.kaunomuziejus.lt,"II – VI 10 AM – 6 PM, VII 10 AM – 4 PM","II – VI 10 AM – 6 PM, VII 10 AM – 4 PM"," Adults - 2,50 EUR, schoolchildren, students, seniors - 1,20 EUR, Kaunas town hall tower: adults - 2,00 EUR, schoolchildren, students, seniors - 1,00 EUR.",MUSEUM
9,http://visit.kaunas.lt/en/to-see/hansa-kaunas/tours/experience-the-culture-of-the-hanseatic-kaunas-2-days-1-night/,Experience the Culture of the Hanseatic Kaunas (2 days/ 1 night),"Rotušės a. 15, Kaunas",+370 616 23828,info@kaunasin.lt,www.visit.kaunas.lt,,,,TOURS
10,http://visit.kaunas.lt/en/to-see/routes/walking-in-hanseatic-city/,WALKING IN HANSEATIC CITY,,,,,,,,ROUTES
11,http://visit.kaunas.lt/en/to-see/museums-and-galleries/gallery/yard-gallery/,Yard gallery,"E. Ožeškienės g. 21A (backyard), Kaunas",,,,,,,GALLERY
12,http://visit.kaunas.lt/en/to-see/museums-and-galleries/gallery/kaunas-picture-gallery/,Kaunas picture gallery,"K. Donelaičio g. 16, Kaunas ",+370 37 221 779,mkcpaveikslugalerija@gmail.com,www.ciurlionis.lt,"II - III 11 AM - 5 PM,  IV 11 AM - 7 PM, V - VII 11 AM - 5 PM","II - III 11 AM - 5 PM,  IV 11 AM - 7 PM, V - VII 11 AM - 5 PM","Adults - 2 EUR, schoolchildren, university students and seniors - 1 EUR",GALLERY
13,http://visit.kaunas.lt/en/to-see/wood-based-architecture/a-gedmanto-namas/,A. Gedmantas house,"Žemuogių g. 2, Kaunas",,,,,,,WOOD BASED ARCHITECTURE
14,http://visit.kaunas.lt/en/to-see/museums-and-galleries/museum/kaunas-city-museum-kaunas-castle/,Kaunas City Museum - Kaunas Castle,"Pilies g. 17, Kaunas",+370 37 300 672,pilis.kasa@kaunomuziejus.lt,www.kaunomuziejus.lt,"September - May II-V 10:00 - 18:00, VI 10:00 - 17:00, June - August II-VI 10:00-18:00 , VII- 10:00-16:00","September - May II-V 10:00 - 18:00, VI 10:00 - 17:00, June - August II-VI 10:00-18:00 , VII- 10:00-16:00","Adults - 2,50 EUR, children, students, seniors - 1,20 EUR",MUSEUM
15,http://visit.kaunas.lt/en/to-see/routes/kaunas-interim-capital-of-lithuania/,KAUNAS – INTERIM CAPITAL OF LITHUANIA,,,,,,,,ROUTES
16,http://visit.kaunas.lt/en/to-do/tours/tours-in-kaunas/kaunas-city-tour/,KAUNAS CITY TOUR ,"Laisvės al. 36, Kaunas",+370 37 323 436,info@kaunastic.lt,,,,,TOURS IN KAUNAS
17,http://visit.kaunas.lt/en/to-do/tours/tours-in-kaunas/the-spirit-of-kaunas-catacombs/,THE SPIRIT OF KAUNAS CATACOMBS,"Laisvės al. 36, Kaunas",+370 37 323 436,info@kaunastic.lt,,,,,TOURS IN KAUNAS
18,http://visit.kaunas.lt/en/to-see/top/nacionalinis-m-k-ciurlionio-dailes-muziejus/,M. K. ČIURLIONIS NATIONAL ART MUSEUM,"V. Putvinskio g. 55, Kaunas",+370 37 229 475,mkc.info@ciurlionis.lt,www.ciurlionis.lt,"II-III 11:00 - 17:00, IV 11:00 - 19:00, V-VII 11:00 - 17:00","II-III 11:00 - 17:00, IV 11:00 - 19:00, V-VII 11:00 - 17:00","Adults - 4 EUR, schoolchildren and seniors - 2 EUR",TOP
19,http://visit.kaunas.lt/en/to-see/museums-and-galleries/museum/sacral-heritage-museum-in-pazaislis-monastery/,Sacral heritage museum in Pažaislis monastery,"T. Masiulio g. 31, Kaunas",+370 37 458 868,info@pazaislis.org,www.pazaislis.org,"II – V 10 AM – 5 PM, VI 10 AM - 4 PM","II – V 10 AM – 5 PM, VI 10 AM - 4 PM","Adults - 4 EUR, schoolchildren, students ir seniors - 2 EUR",MUSEUM
20,http://visit.kaunas.lt/en/to-see/wood-based-architecture/a-jokimo-namas/,A. Jokimas house,"Minties rato g. 2, Kaunas",,,,,,,WOOD BASED ARCHITECTURE
21,http://visit.kaunas.lt/en/to-see/hansa-kaunas/tours/guided-tour-kaunas-hanza-town/,Guided tour „KAUNAS – HANSEATIC TOWN“ ,"Rotušės a. 15, Kaunas",+370 616 23828,info@kaunasin.lt,www.visit.kaunas.lt,,,,TOURS
22,http://visit.kaunas.lt/en/to-see/top/pazaislis-abbey-ensemble/,Pažaislis abbey ensemble,T. Masiulio g. 31 ,+370 37 458 868 ,info@pazaislis.org,www.pazaislis.org,"II-V 10:00 - 17:00, VI 10:00 - 16:00","II-V 10:00 - 17:00, VI 10:00 - 16:00","Adults - 4 EUR, children, students and seniors - 2 EUR",TOP
23,http://visit.kaunas.lt/en/to-do/tours/tours-in-kaunas/kaunas-the-city-of-design/,KAUNAS - THE CITY OF DESIGN,"Laisvės al. 36, Kaunas",+370 37 323 436,Info@kaunastic.lt,,,,,TOURS IN KAUNAS
24,http://visit.kaunas.lt/en/to-see/hansa-kaunas/tours/travel-package-hansa-weekend-in-kaunas-2-days-1-night/,Travel package - HANSA WEEKEND IN KAUNAS (2 days/ 1 night)  ,"Rotušės a. 15, Kaunas",+370 616 23828,info@kaunasin.lt,www.visit.kaunas.lt,,,,TOURS
25,http://visit.kaunas.lt/en/information/publications/wallographers-notes/,,,,,,,,,PUBLICATIONS
26,http://visit.kaunas.lt/en/to-see/museums-and-galleries/museum/vytautas-the-great-war-museum/,VYTAUTAS THE GREAT WAR MUSEUM,"K. Donelaičio g. 64, Kaunas ",+370 37 320 765,vdkaromuziejus@kam.lt,www.kariuomene.kam.lt/lt/karo_muziejus.html,II - VII 10:00 – 17:00,II - VII 10:00 – 17:00,"Adults - 2 EUR, children, students, seniors - 1 EUR",MUSEUM
27,http://visit.kaunas.lt/en/information/publications/modernists-guide/,,,,,,,,,PUBLICATIONS
28,http://visit.kaunas.lt/en/to-see/routes/reflections-of-kaunas-modernistic-architecture/,REFLECTIONS OF KAUNAS MODERNISTIC ARCHITECTURE,,,,,,,,ROUTES
29,http://visit.kaunas.lt/en/to-see/museums-and-galleries/museum/historic-presidential-palace-of-lithuanian-republic-in-kaunas/,Historic Presidential Palace of Lithuanian Republic in Kaunas,"Vilniaus g. 33, Kaunas",+370 37 201 778,info@istorineprezidentura.lt,www.istorineprezidentura.lt,"II - VII 11 AM - 5 PM, IV 11 AM - 7 PM.","II - VII 11 AM - 5 PM, IV 11 AM - 7 PM.","Suaugusiems - 2 EUR, moksleiviams, studentams, senjorams - 1 EUR",MUSEUM
30,http://visit.kaunas.lt/en/to-see/wood-based-architecture/v-vizgirdos-namas/,V. Vizgirdas house,"Tulpių g. 4, Kaunas",,,,,,,WOOD BASED ARCHITECTURE
31,http://visit.kaunas.lt/en/to-see/interwar-architecture/kaunas-central-post-office/,Kaunas central post office,"Laisvės al. 102, Kaunas",,,,,,,INTERWAR ARCHITECTURE
32,http://visit.kaunas.lt/en/to-see/museums-and-galleries/gallery/mykolas-zilinskas-art-gallery/,Mykolas Žilinskas art gallery,"Nepriklausomybės a. 12, Kaunas ",+370 37 222 853,zilinsko.kolekcija@gmail.com,www.ciurlionis.lt,"II - III 11 AM - 5 PM,  IV 11 AM - 7 PM, V - VII 11 AM - 5 PM","II - III 11 AM - 5 PM,  IV 11 AM - 7 PM, V - VII 11 AM - 5 PM","Adults - 3 EUR, children, students, seniors - 1,5 EUR",GALLERY
33,http://visit.kaunas.lt/en/to-see/top/ix-forto-muziejus/,The IX fort museum,"Žemaičių pl. 73, Kaunas",+370 37 377 750,muziejus@9fortomuziejus.lt,www.9fortomuziejus.lt,"April - October II-VII 10:00 - 18:00, November - March III–VII 10:00 - 16:00","April - October II-VII 10:00 - 18:00, November - March III–VII 10:00 - 16:00","Adults - 3 EUR, children, students, seniors - 1,50 EUR",TOP
34,http://visit.kaunas.lt/en/to-see/top/kauno-rotuse/,Kaunas town hall,"Rotušės a. 15, Kaunas",+370 37 208 220,muziejus@kaunomuziejus.lt,www.kaunomuziejus.lt,"II-VI 10:00 - 18:00, VII 10:00 - 16:00","II-VI 10:00 - 18:00, VII 10:00 - 16:00","Adults - 2,50 EUR, children, students, seniors - 1,20 EUR",TOP
35,http://visit.kaunas.lt/en/to-see/top/kauno-pilis/,Kaunas castle,"Pilies g. 17, Kaunas",+370 37 300 672,pilis.kasa@kaunomuziejus.lt,www.kaunomuziejus.lt,"September - May II-V 10:00 - 18:00, VI 10:00 - 17:00, June - August II-VI 10:00-18:00 , VII- 10:00-16:00","September - May II-V 10:00 - 18:00, VI 10:00 - 17:00, June - August II-VI 10:00-18:00 , VII- 10:00-16:00","Adults - 2,50 EUR, children, students, seniors - 1,20 EUR",TOP
36,http://visit.kaunas.lt/en/information/publications/its-kaunastic-map/,,,,,,,,,PUBLICATIONS
37,http://visit.kaunas.lt/en/to-see/museums-and-galleries/gallery/kaunas-photography-gallery/,Kaunas photography gallery,"Rotušės a. 1/Vilniaus g. 2, Kaunas",+370 37 321 789,photo@kaunasgallery.lt,www.kaunasgallery.lt,"II - V 11 AM - 6 PM, VI - VII 11 AM - 5 PM","II - V 11 AM - 6 PM, VI - VII 11 AM - 5 PM",Admission is free of charge,GALLERY
38,http://visit.kaunas.lt/en/to-see/wood-based-architecture/i-jonyno-namas/,I. Jonynas house,"Rūtų g. 3, Kaunas",,,,,,,WOOD BASED ARCHITECTURE
39,http://visit.kaunas.lt/en/to-see/routes/diplomatic-kaunas/,DIPLOMATIC KAUNAS,,,,,,,,ROUTES
40,http://visit.kaunas.lt/en/to-see/routes/wooden-kaunas/,WOODEN KAUNAS,,,,,,,,ROUTES
41,http://visit.kaunas.lt/en/to-see/top/sv-apastalu-petro-ir-povilo-arkikatedra-bazilika/,The Kaunas St. Peter and St. Paul Cathedral,"Vilnius g. 1, Kaunas",+370 37 324 093,arkikatedra@kn.lcn.lt,www.kaunoarkikatedra.lt,,,,TOP
42,http://visit.kaunas.lt/en/to-see/museums-and-galleries/museum/museum-of-stumbras/,"Museum of ""Stumbras""","K. Būgos g. 7, Kaunas", +370 686 94 388,muziejus@stumbras.lt, , , , ,MUSEUM
43,http://visit.kaunas.lt/en/to-see/wood-based-architecture/testins-objektas/,MEMORIAL MUSEUM OF J. ZIKARAS,"J. Zikaro g. 3, Kaunas ",+370 37 223 205 ,zikaronamai@gmail.com,www.ciurlionis.lt,Museum is visited by arrangement ,Museum is visited by arrangement ,,WOOD BASED ARCHITECTURE
44,http://visit.kaunas.lt/en/to-see/wood-based-architecture/memorial-museum-of-b-sruoga/,Memorial museum of B. Sruoga ,"B. Sruogos g. 21, Kaunas",,,,,,,WOOD BASED ARCHITECTURE
45,http://visit.kaunas.lt/en/to-see/interwar-architecture/romuva-cinema/,Romuva cinema,"Laisvės al. 54, Kaunas",,,,,,,INTERWAR ARCHITECTURE
46,http://visit.kaunas.lt/en/to-do/tours/tours-in-kaunas/the-old-town-secrets-in-kaunas/,THE OLD TOWN SECRETS IN KAUNAS ,"Laisvės al. 36, Kaunas",+370 37 323 436,info@kaunastic.lt,,,,,TOURS IN KAUNAS
47,http://visit.kaunas.lt/en/to-see/interwar-architecture/funicular-of-aleksotas/,FUNICULAR OF ALEKSOTAS ,"Amerikos Lietuvių g. 6, Kaunas",,,,,,,INTERWAR ARCHITECTURE
48,http://visit.kaunas.lt/en/to-see/top/perkuno-namas/,Thunder House,"Aleksoto g. 6, Kaunas",+370 641 44 614,info@perkunonamas.lt,www.perkunonamas.lt,I - V 10:00 - 16:30,I - V 10:00 - 16:30,"Adults – 2 EUR, children, student, senior – 1 EUR",TOP
49,http://visit.kaunas.lt/en/to-see/museums-and-galleries/museum/lithuanian-open-air-folk-museum/,Lithuanian open air folk museum ,"L.Lekavičiaus g. 2, Rumšiškės, Kaišiadorių r. ",+370 346 47 392,info@llbm.lt,www.llbm.lt,"Interior exposures opened: (May-September) I - VII, 10 AM - 6 PM; (1-15 of October.): I - VII, 10 AM - 6 PM; Interior exposure closed: (May-September)) I - VII 6 PM - 8 PM; (16th of October-March). I - VII 10 AM - 4 PM; (April). I - VII 10 AM - 5 PM","Interior exposures opened: (May-September) I - VII, 10 AM - 6 PM; (1-15 of October.): I - VII, 10 AM - 6 PM; Interior exposure closed: (May-September)) I - VII 6 PM - 8 PM; (16th of October-March). I - VII 10 AM - 4 PM; (April). I - VII 10 AM - 5 PM","Adults - 4 EUR, children, students, seniors - 2 EUR.",MUSEUM
50,http://visit.kaunas.lt/en/to-see/wood-based-architecture/j-gruso-memorialinis-muziejus/,Memorial museum of  J. Grušas,"Kalniečių g. 93, Kaunas",,,,,,,WOOD BASED ARCHITECTURE
51,http://visit.kaunas.lt/en/to-see/interwar-architecture/research-laboratory/,Research laboratory,"Radvilėnų pl. 19, Kaunas ",,,,,,,INTERWAR ARCHITECTURE
52,http://visit.kaunas.lt/en/to-do/tours/tours-in-kaunas/kaunas-compliments-women/,KAUNAS COMPLIMENTS WOMEN ,"Laisvės al. 36, Kaunas",+370 37 323 436,info@kaunastic.lt,,,,,TOURS IN KAUNAS
53,http://visit.kaunas.lt/en/to-see/top/kauno-funilukieriai/,Aleksotas funicular,"Amerikos Lietuvių g. 6, Kaunas",+370 37 391 086,,,"I-VII 07:00 - 19:00 (Lunch 13:00 - 14:00)
","I-VII 07:00 - 19:00 (Lunch 13:00 - 14:00)
","Adults - 0.70 EUR, children, senior, students - 0.35 EUR",TOP
54,http://visit.kaunas.lt/en/to-see/museums-and-galleries/museum/museum-of-the-history-of-lithuanian-medicine-and-pharmacy/,MUSEUM OF THE HISTORY OF LITHUANIAN MEDICINE AND PHARMACY,"Rotušės a. 28, Kaunas ",+370 37 201 569 ,muziejus@lsmuni.lt,,II – VI 10 AM – 5 PM,II – VI 10 AM – 5 PM,"Adults - 2 EUR, children, students, seniors - 1 EUR",MUSEUM
55,http://visit.kaunas.lt/en/to-see/wood-based-architecture/k-sklerio-namas/,K. Sklėrius house,"Kalniečių g. 105, Kaunas",,,,,,,WOOD BASED ARCHITECTURE
56,http://visit.kaunas.lt/en/to-see/interwar-architecture/milk-centre/,"The headquarter of milk processing company ""Pieno centras""","S. Daukanto g. 18, Kaunas",,,,,,,INTERWAR ARCHITECTURE
57,http://visit.kaunas.lt/en/information/publications/the-litvak-landscape-map/,,,,,,,,,PUBLICATIONS
58,http://visit.kaunas.lt/en/to-see/museums-and-galleries/museum/sugihara-house/,Sugihara house ,"Vaižganto g. 30, Kaunas ",+370 698 02184,sugiharahouse@yahoo.com,,"(November - April): I – V 11 AM – 3 PM;
(May - October): I – V 10 AM – 5 PM, VI – VII 11 AM – 4 PM.","(November - April): I – V 11 AM – 3 PM;
(May - October): I – V 10 AM – 5 PM, VI – VII 11 AM – 4 PM.","Adults - 3 EUR; children, students, seniors - 1,50 EUR",MUSEUM
59,http://visit.kaunas.lt/en/to-see/top/sv-jurgio-kankinio-baznycia-ir-bernardinu-vienuolynas-2/,ST. GEORGE THE MARTYR CHURCH AND BERNARDINE MONASTERY," Papilio g. 7, Kaunas",+370 37 224 659,,,,,,TOP
60,http://visit.kaunas.lt/en/to-see/wood-based-architecture/m-salciaus-namas/,M. Šalčius house,"Minties rato g. 53, Kaunas",,,,,,,WOOD BASED ARCHITECTURE
61,http://visit.kaunas.lt/en/to-see/interwar-architecture/christ-resurrection-church/,Christ resurrection church,"Žemaičių g. 31, Kaunas",,,,,,,INTERWAR ARCHITECTURE
62,http://visit.kaunas.lt/en/information/publications/the-ethnical-trail-map/,,,,,,,,,PUBLICATIONS
63,http://visit.kaunas.lt/en/to-see/top/zaliakalnio-funikulierius/,Žaliakalnis funicular,"Aušros g. 6, Kaunas",+370 37 425 882,,,"I-V 07:00 - 19:00, VI 09:00 - 19:00","I-V 07:00 - 19:00, VI 09:00 - 19:00","0,50 EUR",TOP
64,http://visit.kaunas.lt/en/to-see/museums-and-galleries/gallery/gallery-post/,"Gallery ""POST""","Laisvės al. 51A, Kaunas",+370 692 92 332,postgalerija@gmail.com,,II - VII 12 AM - 7 PM,II - VII 12 AM - 7 PM,,GALLERY
65,http://visit.kaunas.lt/en/to-see/wood-based-architecture/j-sileikos-namas/,J. Šileika house,"Žalioji g. 31,Kaunas",,,,,,,WOOD BASED ARCHITECTURE
66,http://visit.kaunas.lt/en/to-see/interwar-architecture/kaunas-municipality/,Kaunas municipality,"Laisvės al. 96, Kaunas",,,,,,,INTERWAR ARCHITECTURE
67,http://visit.kaunas.lt/en/to-see/museums-and-galleries/museum/kaunas-tadas-ivanauskas-museum-of-zoology/,Kaunas Tadas Ivanauskas Museum of Zoology,"Laisvės al. 106, Kaunas ",+370 37 200 292,info@zoomuziejus.lt ,www.zoomuziejus.lt,II-VII 10 A.M. - 6 P.M.,II-VII 10 A.M. - 6 P.M.,"Adults - 3 EUR, students, children, seniors - 2 EUR.",MUSEUM
68,http://visit.kaunas.lt/en/to-see/top/kauno-paminkline-kristaus-prisikelimo-bazilika/,MONUMENTAL CHRIST'S RESURRECTION BASILICA,"Žemaičių g. 31A, Kaunas",+370 37 229 222,,www.prisikelimas.lt,"March - September I–V 11:30 – 18:30, VII–VII 11:00 – 18:30
October - February I–V 12:00 – 18:00, VI–VII 11:00 – 18:00","March - September I–V 11:30 – 18:30, VII–VII 11:00 – 18:30
October - February I–V 12:00 – 18:00, VI–VII 11:00 – 18:00","2,40 EUR - adults, 1,20 EUR - children, students, seniors",TOP
69,http://visit.kaunas.lt/en/to-see/wood-based-architecture/j-gruodzio-memorialinis-muziejus/,Kaunas city museum – Juozas Gruodis house,"Salako g. 18, Kaunas",+370 37 733 371,mkp.edukacija@kaunomuziejus.lt,http://www.kaunomuziejus.lt/ekspozicijos/j-gruodzio-memorialinis-skyrius/,,,,WOOD BASED ARCHITECTURE
70,http://visit.kaunas.lt/en/to-see/interwar-architecture/former-vaticans-enunciate/,Former Vatican’s enunciate,"V. putvinskio g. 56, Kaunas",,,,,,,INTERWAR ARCHITECTURE
71,http://visit.kaunas.lt/en/to-see/top/lietuvos-zoologijos-sodas/,Lithuanian zoological garden,"Radvilėnų pl. 21, Kaunas",+370 37 332 540,info@zoosodas.lt,www.zoosodas.lt,"January - March, November and December I-VII 9:00 - 17:00, April and October 9:00 - 18:00, May - September mėn. 9:00 - 19:00","January - March, November and December I-VII 9:00 - 17:00, April and October 9:00 - 18:00, May - September mėn. 9:00 - 19:00","Adults - 5 EUR, children, students, senors and disabled - 3 EUR",TOP
72,http://visit.kaunas.lt/en/to-see/museums-and-galleries/gallery/gallery-egle/,"Gallery ""Eglė""","Raguvos g. 9/2, Kaunas",+370 37 205 872,galerijaegle@gmail.com,www.emm.lt,"I - V 11 AM - 6 PM, VI 11 AM - 4 PM","I - V 11 AM - 6 PM, VI 11 AM - 4 PM",,GALLERY
73,http://visit.kaunas.lt/en/to-see/wood-based-architecture/pedagogo-jono-dereskeviciaus-namas/,The house of educator J. Dereškevičius,"Minties rato g. 24, Kaunas",,,,,,,WOOD BASED ARCHITECTURE
74,http://visit.kaunas.lt/en/to-see/interwar-architecture/national-m-k-ciurlionis-art-museum/,National  M.K. Čiurlionis art  museum,"V. Putvinskio g. 55, Kaunas",,,,,,,INTERWAR ARCHITECTURE
75,http://visit.kaunas.lt/en/to-do/tours/tours-in-kaunas/sweet-kaunas/,SWEET KAUNAS,"Laisvės al. 36, Kaunas",+370 37 323 436,info@kaunastic.lt,,,,,TOURS IN KAUNAS
76,http://visit.kaunas.lt/en/information/publications/sugihara-route/,,,,,,,,,PUBLICATIONS
77,http://visit.kaunas.lt/en/to-see/top/devils-museum/,Devils museum,"V. Putvinskio g. 64, Kaunas ",+370 37 221 587,mkc.velniai@ciurlionis.lt,www.ciurlionis.lt,"II-III 11:00 - 17:00, IV 11:00 - 19:00, V - VII 11:00 - 17:00","II-III 11:00 - 17:00, IV 11:00 - 19:00, V - VII 11:00 - 17:00","Adults - 3 EUR, schoolchildren, students, seniors - 1,5 EUR",TOP
78,http://visit.kaunas.lt/en/to-see/shrines/vytauto-baznycia-svc-mergeles-marijos-emimo-i-dangu-baznycia/,VYTAUTAS THE GREAT CHURCH (Church of the Assumption of the Blessed Virgin Mary) ,"Aleksoto g. 3, Kaunas", +370 37 203 854,vytautine@kaunas.lcn.lt ,www.vytautine.lt,,,,SHRINES
79,http://visit.kaunas.lt/en/to-see/museums-and-galleries/museum/historical-military-equipment-exhibition/,"Historical, military equipment exhibition","S.Dariaus ir S.Girėno g. 29A, Kaunas",+370 682 27 122,info@retromobile.lt,www.retromobile.lt,The exhibition can be visited by early agreement,The exhibition can be visited by early agreement,,MUSEUM
80,http://visit.kaunas.lt/en/to-see/wood-based-architecture/j-indriuno-suprojektuotas-namas/,Building designed by J. Indrūnas,"Tulpių g. 21, Kaunas",,,,,,,WOOD BASED ARCHITECTURE
81,http://visit.kaunas.lt/en/to-see/interwar-architecture/former-agriculture-bank-house/,Former  agriculture bank house,"K. Donelaičio g. 73, Kaunas",,,,,,,INTERWAR ARCHITECTURE
82,http://visit.kaunas.lt/en/to-do/tours/tours-in-kaunas/netradicine-diena-kaune/,UNTRADITIONAL DAY IN KAUNAS,"Laisvės al. 36, Kaunas",+370 37 323 436,info@kaunastic.lt,,,,,TOURS IN KAUNAS
83,http://visit.kaunas.lt/en/to-see/top/vilniaus-gatve/,Vilniaus street,Vilniaus g.,,,,,,,TOP
84,http://visit.kaunas.lt/en/to-see/museums-and-galleries/museum/baltic-circus-clowns-museum/,Baltic circus clowns Museum,"Drobės g. 31, Kaunas",+370 670 16 445,baltijos@cirkas.lt,www.cirkas.lt,Arranged in advance,Arranged in advance,,MUSEUM
85,http://visit.kaunas.lt/en/to-see/shrines/sv-mykolo-archangelo-baznycia-soboras/,ST. MICHAEL THE ARCHANGEL’S CHURCH (a.k.a. the Garrison Church) ,"Nepriklausomybės a. 14, Kaunas", +370 37 226 676,soboras@takas.lt,,,,,SHRINES
86,http://visit.kaunas.lt/en/to-see/interwar-architecture/former-pazanga-house/,Former „Pažanga“ house,"Laisvės al. 53, Kaunas",,,,,,,INTERWAR ARCHITECTURE
87,http://visit.kaunas.lt/en/to-see/museums-and-galleries/museum/police-museum/,Police museum,"Maironio g. 27, Kaunas",+370 686 64879 ,,http://www.mruni.eu/lt/universitetas/fakultetai/viesojo_saugumo/policijos-muziejus/?clear_cache=Y,I - V 8 AM - 5 PM  by prior arrangement,I - V 8 AM - 5 PM  by prior arrangement,Free.,MUSEUM
88,http://visit.kaunas.lt/en/to-see/top/laisves-avenue/,LAISVĖS AVENUE,Laisvės al.,,,,,,,TOP
89,http://visit.kaunas.lt/en/to-see/museums-and-galleries/museum/museum-of-lithuanian-aviation/,Museum of Lithuanian aviation,"Veiverių g. 132, Kaunas ",+370 37 390 357,aviacijos.muziejus@gmail.com,www.lam.lt, I - VI 9 AM - 5 PM, I - VI 9 AM - 5 PM,"Adults - 2,00 EUR, schoolchildren, students, seniors - 1,00 EUR",MUSEUM
90,http://visit.kaunas.lt/en/to-see/interwar-architecture/kaunas-sports-hall/,Kaunas sports hall,"Perkūno al. 5, Kaunas",,,,,,,INTERWAR ARCHITECTURE
91,http://visit.kaunas.lt/en/information/publications/naujas-info-puslapis-skirtas-kategorijoms-3/,,,,,,,,,PUBLICATIONS
92,http://visit.kaunas.lt/en/to-do/tours/tours-in-kaunas/sugihara-route/,SUGIHARA ROUTE,"Rotušės a. 15, Kaunas",+370 616 23828,info@kaunasin.lt,,,,,TOURS IN KAUNAS
93,http://visit.kaunas.lt/en/to-do/tours/tours-in-kaunas/military-kaunas/,MILITARY KAUNAS ,"Laisvės al. 36, Kaunas",+370 37 323 436,info@kaunastic.lt,,,,,TOURS IN KAUNAS
94,http://visit.kaunas.lt/en/to-see/interwar-architecture/former-county-government/,FORMER COUNTY GOVERNMENT,"Vytauto pr. 91, Kaunas",,,,,,,INTERWAR ARCHITECTURE
95,http://visit.kaunas.lt/en/to-see/top/george-maciunas-square/,GEORGE MACIUNAS SQUARE,J. Mačiūno a.,,,,,,,TOP
96,http://visit.kaunas.lt/en/information/publications/naujas-info-puslapis-skirtas-kategorijoms-2/,,,,,,,,,PUBLICATIONS
97,http://visit.kaunas.lt/en/to-do/tours/tours-in-kaunas/zalgirio-arena/,ŽALGIRIS ARENA,"Karaliaus Mindaugo pr. 50, Kaunas",+370 615 98 636,info@zalgirioarena.lt,,,,,TOURS IN KAUNAS
98,http://visit.kaunas.lt/en/information/publications/hansa-kaunas/,,,,,,,,,PUBLICATIONS
99,http://visit.kaunas.lt/en/to-see/interwar-architecture/chamber-of-commerce-industry-and-trades/,"CHAMBER OF COMMERCE, INDUSTRY AND TRADES","K. Donelaičio g. 8, Kaunas",,,,,,,INTERWAR ARCHITECTURE
100,http://visit.kaunas.lt/en/to-see/museums-and-galleries/museum/lithuanias-education-history-museum/,Lithuania's education history museum,"Vytautas pr. 52, Kaunas",+370 37 206 210,muziejininkai@lsim.lt,www.lsim.lt,"I – IV 9 A.M. – 7 P.M., V 9 A.M. – 5 P.M., VI 10 A.M. - 3 P.M. (every first month's Saturday)       ","I – IV 9 A.M. – 7 P.M., V 9 A.M. – 5 P.M., VI 10 A.M. - 3 P.M. (every first month's Saturday)       ","Adults - 2 EUR, schoolchildren, seniors - 1 EUR",MUSEUM
101,http://visit.kaunas.lt/en/to-see/interwar-architecture/lithunian-sports-university-former-physical-education-building/,LITHUNIAN SPORTS UNIVERSITY (FORMER PHYSICAL EDUCATION BUILDING),"Sporto g. 6, Kaunas",,,,,,,INTERWAR ARCHITECTURE
102,http://visit.kaunas.lt/en/to-see/museums-and-galleries/museum/lithuanian-sports-museum/,Lithuanian sports museum,"Muziejaus g. 7, Kaunas",+370 37 209 820,sportomuziejus@yahoo.com,www.lietuvossportomuziejus.lt,II - VI 10 AM - 5 PM,II - VI 10 AM - 5 PM,"Adults - 1 EUR, children, students, seniors - 0,50 EUR",MUSEUM
103,http://visit.kaunas.lt/en/to-see/interwar-architecture/lithuanian-university-of-health-sciences-former-vmu-medical-faculty/,LITHUANIAN UNIVERSITY OF HEALTH SCIENCES (FORMER VMU MEDICAL FACULTY),"A. Mickevičiaus g. 9, Kaunas",,,,,,,INTERWAR ARCHITECTURE
104,http://visit.kaunas.lt/en/to-see/museums-and-galleries/museum/maironis-lithuanian-literature-museum/,Maironis Lithuanian literature museum ,"Rotušės a. 13, Kaunas ",+370 37 207 477,info@maironiomuziejus.lt,www.maironiomuziejus.lt,"II - VI 9 AM - 5 PM, closed on the last day of every month","II - VI 9 AM - 5 PM, closed on the last day of every month","Adults - 3 EUR, schoolchildren, students, seniors - 1 EUR",MUSEUM
105,http://visit.kaunas.lt/en/to-do/tours/tours-in-kaunas/nocturnal-kaunas-now-and-70-years-ago/,KAUNAS BY NIGHT NOW AND 70 YEARS AGO ,"Laisvės al. 36, Kaunas",+370 37 323 436,info@kaunastic.lt,,,,,TOURS IN KAUNAS
106,http://visit.kaunas.lt/en/to-see/museums-and-galleries/museum/kaunas-city-museum-mikas-and-kipras-petrauskas-house/,KAUNAS CITY MUSEUM - MIKAS AND KIPRAS PETRAUSKAS HOUSE,"K. Petrausko g. 31, Kaunas",+370 37 733 371,,www.kaunomuziejus.lt," II – V 10 AM – 6 PM, VI 10 AM – 5 PM"," II – V 10 AM – 6 PM, VI 10 AM – 5 PM","Adults - 2,00 EUR, children, students, seniors - 1,20 EUR",MUSEUM
107,http://visit.kaunas.lt/en/to-do/tours/tours-in-kaunas/kaunas-surrounded-water/,KAUNAS SURROUNDED BY WATER,"Laisvės al. 36, Kaunas",+370 37 323 436,info@kaunastic.lt,,,,,TOURS IN KAUNAS
108,http://visit.kaunas.lt/en/to-see/interwar-architecture/sacred-heart-of-jesus-church-in-sanciai/,SACRED HEART OF JESUS CHURCH IN ŠANČIAI,"A. Juozapavičiaus pr. 60, Kaunas",,,,,,,INTERWAR ARCHITECTURE
109,http://visit.kaunas.lt/en/to-see/museums-and-galleries/museum/museum-of-children-literature/,Museum of Children Literature,"K. Donelaičio g. 13, Kaunas ",+370 37 206 488,daiva.sarkanauskaite@maironiomuziejus.lt ,www.maironiomuziejus.lt,II – VI 9 AM – 5 PM,II – VI 9 AM – 5 PM,"Adults - 2 EUR,  scholars, students ir seniors - 0,50 EUR",MUSEUM
110,http://visit.kaunas.lt/en/to-see/interwar-architecture/jonas-jablonskis-gymnasium-former-elementary-school/,JONAS JABLONSKIS GYMNASIUM (FORMER ELEMENTARY SCHOOL),"Aušros g. 3, Kaunas",,,,,,,INTERWAR ARCHITECTURE
111,http://visit.kaunas.lt/en/to-see/museums-and-galleries/museum/memorial-museum-of-j-zikaras/,Memorial museum of J. Zikaras,"J. Zikaro g. 3, Kaunas",+370 37 223 205,zikaronamai@gmail.com,www.ciurlionis.lt,"II - VI 11:00 - 17:00
IV 11:00 - 19:00","II - VI 11:00 - 17:00
IV 11:00 - 19:00",1 EUR,MUSEUM
112,http://visit.kaunas.lt/en/to-see/interwar-architecture/ktu-vaizgantas-progymnasium-former-sanciai-gymnasium/,KTU VAIŽGANTAS PROGYMNASIUM (FORMER ŠANČIAI GYMNASIUM),"Skuodo g. 27, Kaunas",,,,,,,INTERWAR ARCHITECTURE
113,http://visit.kaunas.lt/en/to-see/museums-and-galleries/museum/kaunas-city-museum-juozas-gruodis-house/,Kaunas City Museum - JUOZAS GRUODIS HOUSE,"Salako g. 18, Kaunas",+370 37 732 498,gruodis@kaunomuziejus.lt,www.kaunomuziejus.lt,Arranged in advance,Arranged in advance,"Adults - 2,00 EUR, children, students, seniors - 1,20 EUR",MUSEUM
114,http://visit.kaunas.lt/en/to-see/interwar-architecture/former-cinema-pasaka/,FORMER CINEMA “PASAKA”,"Savanorių pr. 124, Kaunas",,,,,,,INTERWAR ARCHITECTURE
115,http://visit.kaunas.lt/en/to-see/interwar-architecture/former-residential-house-of-moze-and-malka-chaimsons/,FORMER RESIDENTIAL HOUSE OF MOZĖ AND MALKA CHAIMSONS ,"Maironio g. 13, Kaunas",,,,,,,INTERWAR ARCHITECTURE
116,http://visit.kaunas.lt/en/to-see/museums-and-galleries/museum/jewellery-gemmology-museum/,Jewellery (Gemmology) museum,"Zamenhofo / Kurpių g. 13, Kaunas ",+370 37 227 780,dusafyrai@gmail.com ,http://dusafyrai.weebly.com/,"I - V 10 AM - 6 PM,  VI 10 AM - 4 PM","I - V 10 AM - 6 PM,  VI 10 AM - 4 PM","Adults - 2 EUR, for children, students – 1 EUR",MUSEUM
117,http://visit.kaunas.lt/en/to-see/nature/santakos-parkas/,SANTAKOS PARKAS (Confluence Park),"Santakos parkas, Kaunas",,,,,,,NATURE
118,http://visit.kaunas.lt/en/to-see/museums-and-galleries/museum/a-and-p-galauniai-house/,A. and P. Galauniai house,"Vydūno al. 2, Kaunas",+370 37 798 995,galauniunamai@gmail.com,www.ciurlionis.lt,"II - VI 11:00 - 17:00
IV 11:00 - 19:00","II - VI 11:00 - 17:00
IV 11:00 - 19:00",1 EUR,MUSEUM
119,http://visit.kaunas.lt/en/to-see/interwar-architecture/former-residential-house-of-beras-goldberg/,FORMER RESIDENTIAL HOUSE OF BERAS GOLDBERG,"V. Putvinskio g. 52, Kaunas",,,,,,,INTERWAR ARCHITECTURE
120,http://visit.kaunas.lt/en/to-see/shrines/sv-pranciskaus-ksavero-baznycia-ir-jezuitu-vienuolynas/,ST. FRANCIS XAVIER CHURCH AND THE JESUIT MONASTERY,"Rotušės a. 7 , Kaunas"," +370 37 423 098, +370 37 221 661",,,"I - V 16:00 – 18:00, VII 07:00 – 13:00 and 16:00 – 18:00 ","I - V 16:00 – 18:00, VII 07:00 – 13:00 and 16:00 – 18:00 ",,SHRINES
121,http://visit.kaunas.lt/en/to-see/nature/nemuno-salos-karmelitu-parkas/,NEMUNAS ISLAND PARK," Karaliaus Mindaugo pr. 50, Kaunas",,,,,,,NATURE
122,http://visit.kaunas.lt/en/to-see/shrines/sv-gertrudos-baznycia/,CHURCH OF G. GERTRUDE ,"Laisvės al. 101a, Kaunas",+370 229 965,samottomas@gmail.com,www.svgertruda.lt,,,,SHRINES
123,http://visit.kaunas.lt/en/to-see/museums-and-galleries/museum/memorial-museum-of-l-truikis-and-m-rakauskaite/,Memorial museum of L. Truikis and M. Rakauskaitė,"E. Fryko g. 14, Kaunas",+370 37 223 205,truikionamai@gmail.com,www.ciurlionis.lt,"II - VI 11:00 - 17:00
IV 11:00 - 19:00","II - VI 11:00 - 17:00
IV 11:00 - 19:00",1 EUR,MUSEUM
124,http://visit.kaunas.lt/en/to-see/interwar-architecture/former-residential-house-of-doctor-nadiedza-nagorniene/,FORMER RESIDENTIAL HOUSE OF DOCTOR NADIEDŽA NAGORNIENĖ,"V. Putvinskio g. 54, Kaunas",,,,,,,INTERWAR ARCHITECTURE
125,http://visit.kaunas.lt/en/to-see/nature/vdu-botanical-garden/,VDU Botanical garden,"Ž. E. Žilibero g. 6, Kaunas",+370 37 390 033,,http://botanika.vdu.lt/en/,,,,NATURE
126,http://visit.kaunas.lt/en/to-see/shrines/kauno-kunigu-seminarija/,CHURCH OF THE HOLY TRINITY AND KAUNAS PRIEST SEMINARY,"A. Jakšto g. 1, Kaunas", +370 37 323 734,,www.kks.lcn.lt,I – VII 14:00 – 18:00 ,I – VII 14:00 – 18:00 ,,SHRINES
127,http://visit.kaunas.lt/en/to-see/interwar-architecture/kaunas-artists-house-former-vatican-diplomatic-mission-nunciature/,KAUNAS ARTISTS’ HOUSE (FORMER VATICAN DIPLOMATIC MISSION (NUNCIATURE)),"V. Putvinskio g. 56, Kaunas",,,,,,,INTERWAR ARCHITECTURE
128,http://visit.kaunas.lt/en/to-see/nature/kauno-mariu-regioninis-parkas/,KAUNAS RESERVOIR REGIONAL PARK,"Miškininkų g. 2, Vaišvydava, Kauno r",+370 37 383 070,,www.kaunomarios.lt,,,,NATURE
129,http://visit.kaunas.lt/en/to-see/shrines/svc-trejybes-baznycia-seminarijos-baznycia/,CHURCH OF THE HOLY TRINITY ,"Rotušės a. 22, Kaunas",,,www.kks.lcn.lt,,,,SHRINES
130,http://visit.kaunas.lt/en/to-see/interwar-architecture/former-residential-house-of-a-lawyer-kazimieras-skema/,FORMER RESIDENTIAL HOUSE OF A LAWYER KAZIMIERAS ŠKĖMA,"V. Putvinskio g. 60, Kaunas",,,,,,,INTERWAR ARCHITECTURE
131,http://visit.kaunas.lt/en/to-see/shrines/ortodoksu-katedra/,ORTHODOX CATHEDRAL ,"Vytauto pr. 38, Kaunas",+370 37 209 563 ,,,I - VII 09:00 - 17:00,I - VII 09:00 - 17:00,,SHRINES
132,http://visit.kaunas.lt/en/to-see/nature/panemunes-silas/,PANEMUNĖ PINEWOOD,"Panemunės Šilas, Kaunas",,,,,,,NATURE
133,http://visit.kaunas.lt/en/to-see/interwar-architecture/former-antanas-gylys-private-hospital/,FORMER ANTANAS GYLYS PRIVATE HOSPITAL ,"V. Putvinskio g. 62, Kaunas",,,,,,,INTERWAR ARCHITECTURE
134,http://visit.kaunas.lt/en/to-see/nature/azuolyno-parkas/,ĄŽUOLYNAS (Oakwood Park)," Sporto g., Kaunas",,,,,,,NATURE
135,http://visit.kaunas.lt/en/to-see/shrines/sv-jurgio-kankinio-baznycia-ir-bernardinu-vienuolynas/,CHURCH OF G. GEORGE THE MARTYR AND THE BERNARDINE MONASTERY,"Papilio g. 7, Kaunas", +370 37 224 659,,www.kaunoarkivyskupija.lt/?id=178,,,,SHRINES
136,http://visit.kaunas.lt/en/to-see/interwar-architecture/former-house-of-artist-a-zmuidzinavicius/,FORMER HOUSE OF ARTIST A. ŽMUIDZINAVIČIUS,"V. Putvinskio g. 64, Kaunas",,,,,,,INTERWAR ARCHITECTURE
137,http://visit.kaunas.lt/en/to-see/nature/ramybes-parkas/,RAMYBĖS PARKAS (SERENITY PARK),"Vytauto pr. 46, Kaunas",,,,,,,NATURE
138,http://visit.kaunas.lt/en/to-see/shrines/sv-kryziaus-karmelitu-baznycia/,G. CROSS (CARMELITE) CHURCH ,"Gedimino g. 1, Kaunas",+370 37 201 340,,http://www.karmelituparapija.lt/,I – VII 08:00 – 18:00 ,I – VII 08:00 – 18:00 ,,SHRINES
139,http://visit.kaunas.lt/en/to-see/nature/antakalnio-parkas/,ANTAKALNIS PARK,"Antakalnio parkas, Kaunas",,,,,,,NATURE
140,http://visit.kaunas.lt/en/to-see/interwar-architecture/former-residential-house-of-mayor-jonas-vileisis/,FORMER RESIDENTIAL HOUSE OF MAYOR JONAS VILEIŠIS,"V. Putvinskio g. 68, Kaunas",,,,,,,INTERWAR ARCHITECTURE
141,http://visit.kaunas.lt/en/to-see/shrines/sv-mikalojaus-baznycia-ir-benediktiniu-vienuolynas/,G. NICHOLAS CHURCH AND THE BENEDICTINE MONASTERY," Benediktinių g. 8, Kaunas", +370 37 202 428 ,,,,,,SHRINES
142,http://visit.kaunas.lt/en/to-see/nature/neries-krantines-parkas/,NERIES KRANTINĖS PARK,"Neries krantinė, Kaunas",,,,,,,NATURE
143,http://visit.kaunas.lt/en/to-see/interwar-architecture/former-residential-house-of-engineer-antanas-gravrogkas/,FORMER RESIDENTIAL HOUSE OF ENGINEER ANTANAS GRAVROGKAS,"V. Putvinskio g. 70, Kaunas",,,,,,,INTERWAR ARCHITECTURE
144,http://visit.kaunas.lt/en/to-see/shrines/evangeliku-liuteronu-baznycia/,EVANGELICAL LUTHERAN CHURCH," Karaliaus Mindaugo pr. 3, Kaunas",+370 37 204 884 ,,,,,,SHRINES
145,http://visit.kaunas.lt/en/to-see/nature/draugystes-parkas/,DRAUGYSTĖS PARK,"Draugystės parkas, Kaunas",,,,,,,NATURE
146,http://visit.kaunas.lt/en/to-see/nature/kalnieciu-parkas/,KALNIEČIŲ PARK,"P. Lukšio g., Kaunas",,,,,,,NATURE
147,http://visit.kaunas.lt/en/to-see/interwar-architecture/buves-vinco-ir-onos-tercijonu-namas/,FORMER RESIDENTIAL HOUSE OF VINCAS AND ONA TERCIJONAI,"V. Putvinskio g. 72, Kaunas",,,,,,,INTERWAR ARCHITECTURE
148,http://visit.kaunas.lt/en/to-see/shrines/dievo-kuno-baznycia-ir-dominikonu-vienuolynas/,BODY OF CHRIST CHURCH AND THE DOMINICAN MONASTERY," Vilniaus g. 31, Kaunas ",,,,,,,SHRINES
149,http://visit.kaunas.lt/en/to-see/nature/kleboniskio-misko-parkas/,KLEBONIŠKIS PARK,"Kleboniškio g., Kaunas",,,,,,,NATURE
150,http://visit.kaunas.lt/en/to-see/interwar-architecture/former-residential-house-of-doctors-paulina-kalvaityte-and-vladas-lasas/,FORMER RESIDENTIAL HOUSE OF DOCTORS PAULINA KALVAITYTĖ AND VLADAS LAŠAS,"Laisvės al. 3, Kaunas",,,,,,,INTERWAR ARCHITECTURE
151,http://visit.kaunas.lt/en/to-see/shrines/mecete/,MOSQUE," Totorių g. 3, Kaunas",,,,,,,SHRINES
152,http://visit.kaunas.lt/en/to-see/nature/kovo-11-osios-parkas/,KOVO 11-OSIOS PARK,"Kovo 11-osios g., Kaunas",,,,,,,NATURE
153,http://visit.kaunas.lt/en/to-see/museums-and-galleries/gallery/kauno-langas-en/,"""Kauno langas""","M. Valančiaus g. 5, Kaunas",+370 687 80273,kaunolangas@gmail.com,www.klangas.lt,"I - V 10 AM - 6 PM, VI 10 AM - 4 PM","I - V 10 AM - 6 PM, VI 10 AM - 4 PM",,GALLERY
154,http://visit.kaunas.lt/en/to-see/interwar-architecture/former-villa-of-stasys-kudokas/,FORMER VILLA OF STASYS KUDOKAS ,"V. Mykolaičio-Putino g. 11, Kaunas",,,,,,,INTERWAR ARCHITECTURE
155,http://visit.kaunas.lt/en/to-see/shrines/sinagoga/,SYNAGOGUE," E. Ožeškienės g. 13, Kaunas",+370 37 206 880,,,,,,SHRINES
156,http://visit.kaunas.lt/en/to-see/museums-and-galleries/gallery/textileworkers-and-artists-guild-gallery-balta/,"Textileworkers and artists guild gallery ""Balta""","M. Valančiaus g. 21, Kaunas",+370 37 200 885,info@galerijabalta.lt,www.galerijabalta.lt,"I - V 10 AM - 7 PM, VI  11 AM - 4 PM","I - V 10 AM - 7 PM, VI  11 AM - 4 PM",,GALLERY
157,http://visit.kaunas.lt/en/to-see/interwar-architecture/former-residential-house-of-elijas-sneideris/,FORMER RESIDENTIAL HOUSE OF ELIJAS ŠNEIDERIS,"Vaidilutės g. 3, Kaunas",,,,,,,INTERWAR ARCHITECTURE
158,http://visit.kaunas.lt/en/to-see/nature/marvele-river-valley/,MARVELĖ RIVER VALLEY,"Julijanavos g., Kaunas",,,,,,,NATURE
159,http://visit.kaunas.lt/en/to-see/museums-and-galleries/gallery/gallery-meno-forma/,"Gallery ""Meno forma""","Savanorių pr. 166, Kaunas",+370 698 01667,galerijamf@gmail.com,www.menoforma.lt,"II - V 12 AM - 6 PM, VI 12 AM - 4 PM","II - V 12 AM - 6 PM, VI 12 AM - 4 PM",,GALLERY
160,http://visit.kaunas.lt/en/to-see/interwar-architecture/kaunas-art-gymnasium-former-villa-of-prime-minister-juozas-tubelis/,KAUNAS ART GYMNASIUM (FORMER VILLA OF PRIME MINISTER JUOZAS TŪBELIS),"Dainavos g. 1, Kaunas",,,,,,,INTERWAR ARCHITECTURE
161,http://visit.kaunas.lt/en/to-see/museums-and-galleries/gallery/gallery-meno-parkas/,"Gallery ""Meno parkas""","Rotušės a. 27, Kaunas",+370 698 74301,galerija@menoparkas.lt,www.menoparkas.lt,"II - V 12:00 AM - 6:30 PM , VI 11:00 AM - 4:00 PM","II - V 12:00 AM - 6:30 PM , VI 11:00 AM - 4:00 PM",,GALLERY
162,http://visit.kaunas.lt/en/to-see/interwar-architecture/former-apartment-house-of-jonas-and-gediminas-lapenai/,FORMER APARTMENT HOUSE OF JONAS AND GEDIMINAS LAPĖNAI,"Kęstučio g. 38, Kaunas",,,,,,,INTERWAR ARCHITECTURE
163,http://visit.kaunas.lt/en/to-see/shrines/kauno-paminkline-kristaus-prisikelimo-bazilika/,MONUMENTAL CHRIST’S RESURRECTION CHURCH ,"Žemaičių g. 31A, Kaunas", +370 37 229 222,parapija@prisikelimas.lt,www.prisikelimas.lt,(March – September):  I – V 11:30 – 18:30 val.  VII – VII 11:00 – 18:30 (October – February):  I – V 12:00 – 18:00   VI – VII 11:00 – 18:00 ,(March – September):  I – V 11:30 – 18:30 val.  VII – VII 11:00 – 18:30 (October – February):  I – V 12:00 – 18:00   VI – VII 11:00 – 18:00 ,"Adults - 2.40 EUR, students and senior - 1.20 EUR.",SHRINES
164,http://visit.kaunas.lt/en/to-see/museums-and-galleries/gallery/gallery-aukso-pjuvis/,"Gallery ""Aukso pjūvis""","K. Donelaičio g. 62/V. Putvinskio g. 53, Kaunas",+370 37 752 750,auksopjuvis@gmail.com,www.auksopjuvis.lt,I - V 10 AM - 6 PM,I - V 10 AM - 6 PM,,GALLERY
165,http://visit.kaunas.lt/en/to-see/interwar-architecture/former-residential-house-of-contractor-mikas-grodzenskis/,FORMER RESIDENTIAL HOUSE OF CONTRACTOR MIKAS GRODZENSKIS ,"K. Donelaičio g. 17, Kaunas",,,,,,,INTERWAR ARCHITECTURE
166,http://visit.kaunas.lt/en/to-see/museums-and-galleries/gallery/vytautas-magnus-university-art-gallery-101/,"Vytautas Magnus university art gallery ""101""","Muitinės g. 7, Kaunas",+370 37 327 940,galerija101@gmail.com,www.galerija101.lt,I - V 11 AM - 5 PM,I - V 11 AM - 5 PM,,GALLERY
167,http://visit.kaunas.lt/en/to-see/interwar-architecture/former-residential-house-of-pranas-gudavicius-and-aleksandra-iljiniene/,FORMER RESIDENTIAL HOUSE OF PRANAS GUDAVIČIUS AND ALEKSANDRA ILJINIENĖ,"K. Donelaičio g. 19, Kaunas",,,,,,,INTERWAR ARCHITECTURE
168,http://visit.kaunas.lt/en/to-see/interwar-architecture/former-residential-house-of-businesswoman-mina-kotkauskiene/,FORMER RESIDENTIAL HOUSE OF BUSINESSWOMAN MINA KOTKAUSKIENĖ," Laisvės al. 69, Kaunas",,,,,,,INTERWAR ARCHITECTURE
169,http://visit.kaunas.lt/en/to-see/interwar-architecture/former-residential-house-of-taube-feibe-elsteiniene/,FORMER RESIDENTIAL HOUSE OF TAUBE-FEIBĖ ELŠTEINIENĖ,"L. Sapiegos g. 4, Kaunas",,,,,,,INTERWAR ARCHITECTURE
170,http://visit.kaunas.lt/en/to-see/interwar-architecture/former-ceslovas-pacevicius-villa/,FORMER ČESLOVAS PACEVIČIUS’ VILLA ,"Vydūno al. 59, Kaunas",,,,,,,INTERWAR ARCHITECTURE
171,http://visit.kaunas.lt/en/to-see/interwar-architecture/former-residential-house-of-the-economist-juozas-daugirdas/,FORMER RESIDENTIAL HOUSE OF THE ECONOMIST JUOZAS DAUGIRDAS ,"Vytauto pr. 30, Kaunas",,,,,,,INTERWAR ARCHITECTURE
172,http://visit.kaunas.lt/en/to-see/museums-and-galleries/gallery/nyces-usai/,Nyčės Ūsai,"Pilies 1, Kaunas",+370 627 05007,elze@nycesusai.lt,http://www.nycesusai.lt/,,,,GALLERY
173,http://visit.kaunas.lt/en/to-see/interwar-architecture/former-butas-cooperative/,FORMER “BUTAS” COOPERATIVE ,"Trakų g. 5, Kaunas",,,,,,,INTERWAR ARCHITECTURE
174,http://visit.kaunas.lt/en/to-see/interwar-architecture/former-tulpe-cooperative/,FORMER “TULPĖ” COOPERATIVE,"A. Mickevičiaus g. 15, Kaunas",,,,,,,INTERWAR ARCHITECTURE
175,http://visit.kaunas.lt/en/to-see/museums-and-galleries/museum/prezidento-valdo-adamkaus-biblioteka-muziejus/,President's Valdas Adamkus library-museum,"S. Daukanto g. 25, Kaunas",+370 687 72805,adamkuslibrary@gmail.com,http://adamkuslibrary.lt/,"II-V 10:00 A.M. - 4:00 P.M., VI 10:00 A.M. - 2:00 P.M. ","II-V 10:00 A.M. - 4:00 P.M., VI 10:00 A.M. - 2:00 P.M. ","For adults - 2,00 EUR, students - 1,00 EUR",MUSEUM
176,http://visit.kaunas.lt/en/to-see/museums-and-galleries/museum/salomejos-neries-memorialinis-muziejus/,Salomėja Nėris Memorial Museum,"S. Nėries st. 7, Kaunas",+370 37 373 606,audrone.meskauskaite@maironiomuziejus.lt;  ina.aleksaitiene@maironiomuziejus.lt,www.maironiomuziejus.lt, II–VI 9.00–17.00, II–VI 9.00–17.00,"Adult- 2 Eur, Student- 0,50 Eur",MUSEUM
177,http://visit.kaunas.lt/en/to-see/museums-and-galleries/museum/museum-of-illusions/,Museum of illusions ,"Karaliaus Mindaugo pr. 49, II-41",+370 694 11 052,kaunas@vilnil.lt,https://www.facebook.com/Muziejus2018/,,,,MUSEUM
178,http://visit.kaunas.lt/en/to-do/tours/tours-in-lithuania/along-the-kings-road/,Along the Kings road ,"Laisvės al. 36, Kaunas",+370 37 323 436,info@kaunastic.lt,,,,,TOURS IN LITHUANIA
179,http://visit.kaunas.lt/en/to-do/tours/tours-in-lithuania/the-oldest-capitals-of-lithuania/,The oldest capitals of Lithuania ,"Laisvės al. 36, Kaunas",+370 37 323 436,info@kaunastic.lt,,,,,TOURS IN LITHUANIA
180,http://visit.kaunas.lt/en/to-do/tours/tours-in-lithuania/culture-heritage-in-anyksciai/,Culture heritage in Anykščiai ,"Laisvės al. 36, Kaunas", +370 37 323 436,info@kaunastic.lt,,,,,TOURS IN LITHUANIA
181,http://visit.kaunas.lt/en/to-do/tours/tours-in-lithuania/radvilos-and-bisons/,Radvilos and bisons ,"Laisvės al. 36, Kaunas",+370 37 323 436,info@kaunastic.lt,,,,,TOURS IN LITHUANIA
182,http://visit.kaunas.lt/en/to-do/tours/tours-in-lithuania/a-salty-lesson-in-druskininkai/,A salty lesson in Druskininkai,"Laisvės al. 36, Kaunas",+370 37 323 436,info@kaunastic.lt,,,,,TOURS IN LITHUANIA